DROP DATABASE IF EXISTS order_db;
CREATE DATABASE order_db;
USE order_db;

CREATE TABLE orders (
  id INT AUTO_INCREMENT PRIMARY KEY,
  user_id INT NOT NULL,
  total_price DECIMAL(10,2),
  status VARCHAR(50) DEFAULT 'pending',
  created_at TIMESTAMP DEFAULT CURRENT_TIMESTAMP
);

CREATE TABLE order_items (
  id INT AUTO_INCREMENT PRIMARY KEY,
  order_id INT NOT NULL,
  product_name VARCHAR(255),
  price DECIMAL(10,2),
  quantity INT,
  FOREIGN KEY (order_id) REFERENCES orders(id) ON DELETE CASCADE
);

CREATE TABLE payments (
  id INT AUTO_INCREMENT PRIMARY KEY,
  order_id INT NOT NULL,
  payment_method VARCHAR(50),
  amount DECIMAL(10,2),
  status VARCHAR(50),
  created_at TIMESTAMP DEFAULT CURRENT_TIMESTAMP,
  FOREIGN KEY (order_id) REFERENCES orders(id) ON DELETE CASCADE
);

INSERT INTO orders (user_id, total_price, status) VALUES
(1, 150.99, 'completed'),
(2, 299.50, 'completed'),
(3, 75.25, 'pending'),
(4, 425.00, 'completed'),
(5, 189.99, 'completed'),
(6, 99.75, 'cancelled'),
(7, 350.00, 'completed'),
(8, 210.50, 'pending'),
(9, 165.00, 'completed'),
(10, 520.99, 'completed'),
(11, 85.50, 'completed'),
(12, 290.00, 'pending'),
(13, 180.75, 'completed'),
(14, 410.25, 'completed'),
(15, 245.99, 'cancelled'),
(16, 135.00, 'completed'),
(17, 380.50, 'completed'),
(18, 220.00, 'pending'),
(19, 310.99, 'completed'),
(20, 195.75, 'completed'),
(21, 275.50, 'completed'),
(22, 345.00, 'pending'),
(23, 125.99, 'completed'),
(24, 440.00, 'completed'),
(25, 200.50, 'completed'),
(26, 320.25, 'completed'),
(27, 155.75, 'pending'),
(28, 385.00, 'completed'),
(29, 265.99, 'completed'),
(30, 110.50, 'cancelled');
INSERT INTO order_items (order_id, product_name, price, quantity) VALUES
(1, 'Wireless Headphones Pro', 129.99, 1),
(1, 'USB-C Hub 7-in-1', 69.99, 1),
(2, 'Portable SSD 1TB', 99.99, 2),
(2, 'Desk Organizer Kit', 44.99, 1),
(3, 'Classic Cotton T-Shirt', 19.99, 2),
(3, 'Denim Jeans', 54.99, 1),
(4, 'Indoor Plant Collection', 49.99, 2),
(4, 'Smart Watering System', 79.99, 1),
(5, 'Professional Yoga Mat', 39.99, 2),
(5, 'Running Shoes Professional', 119.99, 1),
(6, 'The Art of Programming', 59.99, 1),
(6, 'Data Science Handbook', 74.99, 1),
(7, 'Educational Board Game Set', 34.99, 3),
(7, 'STEM Building Blocks', 44.99, 1),
(8, 'Organic Skincare Bundle', 79.99, 1),
(8, 'Luxury Bath Set', 89.99, 1),
(9, 'Anti-Aging Serum', 99.99, 1),
(10, 'Wooden Coffee Table', 199.99, 1),
(10, 'Bookshelf 5-Tier', 179.99, 1),
(11, 'Wall Mount TV Stand', 149.99, 1),
(12, 'Gourmet Coffee Beans', 24.99, 3),
(12, 'Organic Tea Selection', 29.99, 2),
(13, 'Artisan Chocolate Box', 34.99, 2),
(14, 'Sweater Hoodie Cozy', 59.99, 2),
(14, 'Sweater Hoodie Cozy', 59.99, 1),
(15, 'Raised Garden Bed', 89.99, 1),
(16, 'Tennis Racket Carbon', 149.99, 1),
(17, 'Web Development Mastery', 69.99, 2),
(17, 'The Art of Programming', 59.99, 1),
(18, 'Robot Assembly Kit', 79.99, 1),
(18, 'Educational Board Game Set', 34.99, 1),
(19, 'Ergonomic Chair Cushion', 35.99, 3),
(20, 'Filing Cabinet 4-Drawer', 124.99, 1),
(20, 'Desk Organizer Kit', 44.99, 1),
(21, 'Wireless Headphones Pro', 129.99, 1),
(21, 'Portable SSD 1TB', 99.99, 1),
(22, 'Organic Skincare Bundle', 79.99, 2),
(23, 'Classic Cotton T-Shirt', 19.99, 3),
(23, 'Denim Jeans', 54.99, 1),
(24, 'Professional Yoga Mat', 39.99, 2),
(24, 'Running Shoes Professional', 119.99, 1),
(25, 'Gourmet Coffee Beans', 24.99, 2),
(25, 'Artisan Chocolate Box', 34.99, 2),
(26, 'Indoor Plant Collection', 49.99, 1),
(26, 'Smart Watering System', 79.99, 1),
(27, 'STEM Building Blocks', 44.99, 2),
(27, 'Robot Assembly Kit', 79.99, 1),
(28, 'USB-C Hub 7-in-1', 69.99, 1),
(28, 'Wall Mount TV Stand', 149.99, 1),
(29, 'Bookshelf 5-Tier', 179.99, 1),
(30, 'Anti-Aging Serum', 99.99, 1);
INSERT INTO payments (order_id, payment_method, amount, status) VALUES
(1, 'credit_card', 150.99, 'completed'),
(2, 'debit_card', 299.50, 'completed'),
(3, 'credit_card', 75.25, 'pending'),
(4, 'paypal', 425.00, 'completed'),
(5, 'credit_card', 189.99, 'completed'),
(6, 'debit_card', 99.75, 'failed'),
(7, 'credit_card', 350.00, 'completed'),
(8, 'paypal', 210.50, 'pending'),
(9, 'credit_card', 165.00, 'completed'),
(10, 'credit_card', 520.99, 'completed'),
(11, 'debit_card', 85.50, 'completed'),
(12, 'paypal', 290.00, 'pending'),
(13, 'credit_card', 180.75, 'completed'),
(14, 'credit_card', 410.25, 'completed'),
(15, 'debit_card', 245.99, 'failed'),
(16, 'credit_card', 135.00, 'completed'),
(17, 'paypal', 380.50, 'completed'),
(18, 'credit_card', 220.00, 'pending'),
(19, 'credit_card', 310.99, 'completed'),
(20, 'debit_card', 195.75, 'completed'),
(21, 'credit_card', 275.50, 'completed'),
(22, 'paypal', 345.00, 'pending'),
(23, 'credit_card', 125.99, 'completed'),
(24, 'credit_card', 440.00, 'completed'),
(25, 'debit_card', 200.50, 'completed'),
(26, 'credit_card', 320.25, 'completed'),
(27, 'paypal', 155.75, 'pending'),
(28, 'credit_card', 385.00, 'completed'),
(29, 'credit_card', 265.99, 'completed'),
(30, 'debit_card', 110.50, 'failed');
